customerID,Churn_Real,Churn_Predito,Probabilidade_Churn
1429-UYJSV,0,0,0.041624027564560455
0958-YHXGP,0,0,0.451210202922362
6134-KWTBV,0,0,0.019428616898128664
5016-ETTFF,1,0,0.20717810621210722
6483-OATDN,0,0,0.20246905788845884
0611-DFXKO,1,0,0.40834890063661033
8345-MVDYC,0,0,0.026061001187613345
4893-GYUJU,0,0,0.02969265870861809
1976-CFOCS,1,0,0.49188130432692184
8067-NIOYM,0,0,0.02176041549111849
6131-FOYAS,0,0,0.236035074721874
5639-NTUPK,0,0,0.20594294695744178
8731-WBBMB,0,0,0.12476276817628124
9921-QFQUL,0,0,0.39259295581186315
6319-IEJWJ,1,1,0.5294071530785793
0495-ZBNGW,1,1,0.824560068724053
9444-JTXHZ,1,1,0.7741687192584711
2930-UOTMB,1,0,0.09287296296731526
5642-MHDQT,0,0,0.03493903612681253
6195-MELTI,0,0,0.060988589508380556
8631-WUXGY,0,1,0.5179508189415523
7663-CUXZB,0,0,0.10457937110625597
0853-NWIFK,0,0,0.21380708484836083
3230-WYKIR,1,0,0.11201617258857012
8388-FYNPZ,0,0,0.22229059969011616
8854-CCVSQ,1,0,0.4652443209730159
9507-HSMMZ,0,0,0.016529698258726803
5392-AKEMH,0,0,0.3964835222521608
0027-KWYKW,0,1,0.5528275885041806
1343-EHPYB,1,0,0.47846686359696344
6928-ONTRW,0,0,0.0128854842264466
4925-LMHOK,1,0,0.23904185512871243
5955-EPOAZ,0,0,0.11070948160011512
1074-WVEVG,0,0,0.025461585724523436
0224-HJAPT,1,1,0.5066883067553346
4307-KWMXE,0,0,0.19739491974151735
2495-KZNFB,0,0,0.41546912529207314
5977-CKHON,0,0,0.3019472331431951
7927-AUXBZ,1,0,0.2873569126619734
5956-YHHRX,0,1,0.7161107772840691
2616-UUTFK,0,0,0.21113607199150441
1135-HIORI,0,0,0.21007387860766968
1935-IMVBB,0,0,0.2718635337850781
5133-VRSAB,0,0,0.17936779186857427
8160-HOWOX,0,0,0.39276223364005963
6723-WSNTY,0,0,0.182570273743883
7771-CFQRQ,0,0,0.033196539635653964
8879-XUAHX,0,0,0.037133641731219844
6374-AFWOX,0,0,0.022189529733703015
4425-OWHWB,0,0,0.03859083912821071
1866-NXPSP,0,0,0.0520710399164158
3620-EHIMZ,0,0,0.01593206094900137
5680-LQOGP,0,0,0.025020490265184825
0122-OAHPZ,1,1,0.6100564187797297
7394-LWLYN,0,1,0.7106478208691244
3205-MXZRA,0,0,0.056200956873673096
8660-BUETV,0,0,0.3880711330266495
8992-CEUEN,0,0,0.11375832652730758
2545-LXYVJ,0,0,0.01238111508576846
5583-SXDAG,1,1,0.7461359301591608
5334-AFQJB,0,0,0.021539490437237012
8384-FZBJK,0,0,0.4689057845145557
5186-EJEGL,0,0,0.20457352568764645
0682-USIXD,0,0,0.34764404865798293
7814-LEEVE,0,0,0.40181063427485714
7762-ONLJY,0,0,0.04734366745032105
6067-NGCEU,0,0,0.31621467350063326
8096-LOIST,0,0,0.2943371924946519
2061-VVFST,0,0,0.06166462211635447
5815-HGGHV,0,0,0.05008173213457594
4890-VMUAV,0,0,0.03887691877965379
3473-XIIIT,1,1,0.7364661057347687
5781-RFZRP,0,0,0.016999193543499533
7065-YUNRY,1,1,0.6025083929215752
1641-BYBTK,0,0,0.10279873753011862
1396-QWFBJ,1,0,0.25769544719957843
9052-DHNKM,0,0,0.058635571335369244
9537-VHDTA,0,0,0.4896289480119534
0975-UYDTX,0,0,0.08833077044747348
4816-OKWNX,0,0,0.1690206206309114
5724-BIDBU,0,0,0.0928155698782804
1452-KIOVK,0,0,0.3793819052266971
1194-SPVSP,0,0,0.17141811342494984
5143-WMWOG,1,0,0.20673720613866964
2361-FJWNO,0,0,0.05828711471202804
8120-JDCAM,0,1,0.5309677925224825
5278-PNYOX,0,0,0.06535971914265787
0023-XUOPT,1,1,0.5672578617416772
4827-LTQRJ,0,0,0.14589465707370664
3120-FAZKD,0,0,0.02262655564522956
3588-WSTTJ,0,1,0.5677233344703373
4763-PGDPO,1,1,0.5371316644556651
0613-WUXUM,0,0,0.015602242454205842
7975-TZMLR,0,0,0.358512514371731
4011-ARPHK,0,0,0.10361494436615432
4937-QPZPO,0,0,0.28921067873252515
7102-JJVTX,0,0,0.0756506007717325
6870-ZWMNX,0,0,0.02901603592683983
0253-ZTEOB,0,0,0.03671949609273283
0743-HNPFG,0,0,0.040388312164079156
7025-WCBNE,0,0,0.05557832862759572
7241-AJHFS,0,0,0.137575316573135
3340-QBBFM,0,0,0.07106608802590224
7789-CRUVC,0,0,0.13701223995356512
3132-TVFDZ,1,0,0.38554929824016954
5760-FXFVO,0,0,0.40454505772790006
4021-RQSNY,1,1,0.7350041411667796
1049-FYSYG,0,0,0.295760967541429
6035-BXTTY,0,0,0.14027665572086057
5294-CDGWY,1,0,0.06813636701580932
5859-HZYLF,0,0,0.01991434246542986
4139-DETXS,0,0,0.016808497971579135
8201-AAXCB,0,0,0.3337782490016949
3642-GKTCT,0,0,0.15838755932751014
9076-AXYIK,0,0,0.14278787487695238
0822-GAVAP,1,1,0.6917737201469943
5016-IBERQ,0,0,0.3918018590387801
0619-OLYUR,0,0,0.03825714880515264
1932-UEDCX,0,1,0.5732282374279187
4154-AQUGT,1,0,0.38155048571351946
2632-TACXW,0,0,0.019428616898128664
3810-DVDQQ,0,0,0.042577553139601564
1852-XEMDW,0,0,0.1135256799911162
2868-MZAGQ,1,1,0.8360055963087044
0195-IESCP,1,1,0.807764279879748
4369-NYSCF,0,0,0.059851253097125814
8357-EQXFO,1,1,0.7492805546493436
4546-FOKWR,0,0,0.4991402899861987
5275-PMFUT,0,0,0.018631896138149594
5727-MYATE,0,0,0.02053888713080516
7601-DHFWZ,0,0,0.021781810003983892
0306-JAELE,1,1,0.7141446946975923
3855-ONCAR,0,1,0.6781228545677008
4816-LXZYW,1,0,0.4652443209730159
7794-JASDG,0,1,0.5444389805854121
6061-PQHMK,0,0,0.03311264480718697
5293-WXJAK,1,1,0.6744162182881747
6350-XFYGW,0,1,0.7555655399790064
1091-SOZGA,0,0,0.192650878900427
1169-SAOCL,0,0,0.22218768479306397
7328-OWMOM,0,0,0.03154568382565431
4335-UPJSI,0,0,0.01603240887352915
9798-OPFEM,0,0,0.024272110587523335
3720-DBRWL,0,0,0.023411120975247002
1432-FPAXX,1,0,0.43328547954391494
3571-DPYUH,0,0,0.09445241424230999
6591-QGOYB,0,1,0.5149376121143794
0134-XWXCE,0,0,0.09065511677003381
2580-ATZSQ,0,0,0.03734024138378258
4115-UMJFQ,0,0,0.07652765883981692
0455-XFASS,0,1,0.6008269519525088
0322-YINQP,1,0,0.4811938303728221
2167-FQSTQ,0,0,0.027507751802428954
1972-XMUWV,0,0,0.034231819761627424
3538-WZPHD,1,1,0.519097329131643
8017-UVSZU,0,0,0.16916919843498177
0203-HHYIJ,1,0,0.03882805279051511
6114-TCFID,0,0,0.04574190073067571
7037-MTYVW,0,0,0.03226786204252815
6813-GZQCG,0,0,0.024474319581814397
5371-VYLSX,0,0,0.3359424535507033
3327-YBAKM,0,0,0.10256622883446327
7375-WMVMT,0,0,0.023281924243619863
6849-OYAMU,1,0,0.16832988757873693
1345-ZUKID,0,0,0.04259446154270807
3890-RTCMS,0,0,0.20240661629690176
3808-HFKDE,0,0,0.27581273778018345
3160-TYXLT,0,0,0.15716890102425313
9314-QDMDW,0,0,0.14124025792471895
9372-TXXPS,0,0,0.021609146073117848
8421-WZOOW,0,0,0.18632972903490624
1930-WNXSB,0,0,0.3044105262050776
3090-LETTY,0,0,0.3006271754015985
2573-GYRUU,0,0,0.34724744563598
1536-YHDOE,0,0,0.08291422036029061
0107-WESLM,1,0,0.4177713407154769
0454-OKRCT,0,0,0.03631523593635002
5229-PRWKT,1,1,0.6443692663207701
0270-THENM,0,0,0.016414009211825658
5315-CKEQK,0,0,0.18280292789323255
8060-HIWJJ,0,0,0.032392325252544076
4489-SNOJF,1,0,0.13289846322776383
5196-SGOAK,1,1,0.7894592235768246
5028-HTLJB,1,1,0.6693158726279708
3896-RCYYE,0,0,0.1210567446736733
2568-BRGYX,1,1,0.6242183430968526
8640-SDGKB,1,0,0.44261904221792076
6828-HMKWP,0,0,0.03133359994141534
4682-BLBUC,0,0,0.09303986008679684
0013-SMEOE,0,0,0.034049666384429376
3181-MIZBN,0,0,0.09900941287022393
8329-UTMVM,0,0,0.32802474953905303
5022-KVDQT,0,1,0.5265786703767883
3462-BJQQA,0,1,0.7836287811688297
2004-OCQXK,1,1,0.8440144853285748
4159-NAAIX,0,0,0.06495628485241853
6705-LNMDD,0,0,0.11271093367774042
2302-OUZXB,0,0,0.037099208738982384
0516-QREYC,0,0,0.09340045848341809
4369-HTUIF,1,1,0.5403966157921816
4194-WHFCB,0,0,0.16789233735725687
4992-LTJNE,0,0,0.02188625250304368
4316-XCSLJ,0,0,0.1911611251169292
6064-PUPMC,0,0,0.04474757744111999
1325-USMEC,0,0,0.0746406236316918
2480-SQIOB,0,0,0.3938032346001933
6502-KUGLL,0,0,0.12052378883629382
4895-TMWIR,1,0,0.09782606294214138
6599-CEBNN,1,0,0.28026599074478
7952-OBOYL,0,1,0.6353509610992543
5385-SUIRI,1,0,0.4255767512772971
4612-SSVHJ,0,1,0.5200805485474034
2369-UAPKZ,1,1,0.6738389956552948
8800-JOOCF,0,1,0.6739246065578446
2656-FMOKZ,1,1,0.5634823702059361
3544-FBCAS,0,0,0.030309070759354295
9135-MGVPY,0,0,0.02398636073009128
1848-LBZHY,0,0,0.23720581608770358
2528-HFYZX,1,1,0.5189082489927943
2274-XUATA,0,0,0.026181714359302034
7971-HLVXI,0,0,0.044762486047229676
0643-OKLRP,1,0,0.3068057534696885
8714-EUHJO,1,0,0.4875714391352995
7103-ZGVNT,0,0,0.036024014051696696
6579-JPICP,0,0,0.1969780274171009
4312-KFRXN,0,0,0.01211688303511476
3454-JFUBC,0,0,0.023256934397327456
0565-IYCGT,1,0,0.04584710502521349
2480-EJWYP,0,0,0.23716650067281148
0224-NIJLP,0,0,0.025856706128960873
3512-IZIKN,1,0,0.025683314660317428
1998-VHJHK,0,0,0.026908601520191096
1212-GLHMD,0,0,0.3744818895013635
3577-AMVUX,0,0,0.4733717233259013
5146-YYFRZ,0,0,0.015575732551821105
1936-CZAKF,0,0,0.046154430527030374
6439-PKTRR,0,0,0.02299370187360206
2607-FBDFF,0,0,0.2917798148743052
9796-MVYXX,0,0,0.046001233608313465
2476-YGEFM,0,0,0.32517553500834606
9194-GFVOI,0,0,0.029038481481780773
0867-MKZVY,1,0,0.2857455543302157
9419-IPPBE,0,0,0.1643180910972716
4211-MMAZN,1,0,0.1969780274171009
8174-LNWMW,0,0,0.01939532000539562
0506-YLVKJ,0,0,0.01771316505331343
6551-GNYDG,0,1,0.5260653540380141
0278-YXOOG,1,0,0.103794234874656
5419-JPRRN,1,1,0.9089720709772857
8218-FFJDS,0,0,0.02156442312532419
8242-JSVBO,0,0,0.3695468924462409
6696-YDAYZ,0,0,0.023086439632970995
5203-XEHAX,0,0,0.058539517309454205
9483-GCPWE,0,0,0.03981550189399514
5201-USSQZ,0,0,0.19918277570307255
2037-XJFUP,1,0,0.29944326739937394
7711-YIJWC,0,0,0.038551737999247875
3763-GCZHZ,1,0,0.24792810116883932
2239-CFOUJ,0,0,0.06716176585021695
3211-ILJTT,1,0,0.3282533310190903
6898-RBTLU,0,0,0.030793525879096263
1596-BBVTG,1,0,0.24627665200826135
4598-XLKNJ,1,1,0.6637392645239207
3978-YNKDD,0,0,0.018785639300515133
4537-CIBHB,0,0,0.04660445970400206
4283-FUTGF,1,1,0.5835063570645824
8231-BSWXX,0,0,0.039742142008647285
1751-NCDLI,0,1,0.5931504962870223
0722-TROQR,1,1,0.7532734952562512
5600-PDUJF,0,0,0.3012502488408148
3736-BLEPA,0,0,0.09700867906463302
0018-NYROU,0,1,0.6556769824784224
6585-WCEWR,0,0,0.013661631592676764
8676-TRMJS,1,1,0.5425671199566239
2294-DMMUS,0,0,0.18634458953355054
2265-CYWIV,1,1,0.7914778587698751
8634-MPHTR,1,1,0.6164939560546225
2985-JUUBZ,0,0,0.37495664412322954
4465-VDKIQ,0,0,0.2928023610829186
9912-OMZDS,0,0,0.39744389346612496
9249-FXSCK,1,0,0.18661185046510903
0952-KMEEH,1,1,0.630017521860953
8873-TMKGR,0,0,0.027190415462788036
5447-WZAFP,0,0,0.23489986914261357
6474-FVJLC,1,1,0.7818781596164222
1004-NOZNR,0,0,0.11994433594365962
2359-QWQUL,1,0,0.22217193728521836
5311-IHLEI,0,0,0.1895449693283155
5781-BKHOP,0,0,0.03832140586797971
0386-CWRGM,0,0,0.01593206094900137
7996-BPXHY,0,0,0.0421254182755521
8894-JVDCV,0,0,0.16190985946787392
8677-HDZEE,0,0,0.2656589368560828
4958-GZWIY,1,0,0.3426633849730633
7892-POOKP,1,1,0.540229334662854
4933-BSAIP,0,0,0.016085360782960786
4824-GUCBY,0,0,0.2603260558904023
3898-GUYTS,0,0,0.28493218358113737
9408-HRXRK,0,0,0.4365063381080239
7677-SJJJK,0,0,0.04486423763887127
4910-GMJOT,1,1,0.8783845966811393
5504-WSIUR,0,0,0.05817193471598745
9450-TRJUU,0,0,0.42429089682752136
1334-PDUKM,0,0,0.07829958258097092
1041-RXHRA,1,0,0.24245453275899315
1131-QQZEB,0,0,0.019747605993475324
0410-IPFTY,0,0,0.3929253833559133
8149-RSOUN,1,1,0.8888309613200521
3308-DGHKL,0,0,0.017962295297824196
8748-HFWBO,0,0,0.02872228666062378
2180-DXNEG,1,1,0.743082785724021
2595-KIWPV,0,0,0.017687931835425906
7560-QJAVJ,0,0,0.02538883512896669
3721-WKIIL,0,0,0.018234960167939497
0336-PIKEI,0,0,0.018884295128372836
9898-KZQDZ,1,0,0.434762225372435
4534-WGCIR,0,0,0.020394574123923807
1708-PBBOA,0,0,0.0806802384949616
7869-ZYDST,0,0,0.20631206025225945
0774-IFUVM,0,0,0.2575425513828451
3521-MNKLV,0,0,0.21079161040273564
1536-HBSWP,0,0,0.4154944679984133
8782-NUUOL,0,0,0.044162460012190374
2277-VWCNI,0,0,0.4724129411277423
8051-HJRLT,1,1,0.8179903511612658
1134-YWTYF,0,0,0.16925465347566074
9938-PRCVK,0,0,0.019211090879679222
4223-WOZCM,0,1,0.5288347597935403
5602-BVFMK,0,0,0.041624027564560455
3315-IKYZQ,0,0,0.044129318285222194
4879-GZLFH,0,0,0.4424090404894025
9342-VNIMQ,0,0,0.21744507664272406
8221-HVAYI,0,0,0.036680154807511335
1937-OTUKY,0,0,0.041180342712029666
3988-RQIXO,1,1,0.8856754079263581
3627-FCRDW,1,0,0.43893955175589355
9585-KKMFD,0,0,0.01825244654027477
9050-IKDZA,0,1,0.7207117373534422
3331-HQDTW,1,0,0.42973250941804725
2402-TAIRZ,0,0,0.10552056948628409
4872-VXRIL,0,0,0.04059374652196187
5701-SVCWR,0,0,0.2965689389124665
0961-ZWLVI,0,0,0.20389384918544615
8670-ERCJH,0,0,0.03133049681632309
1240-HCBOH,0,0,0.017698760390068173
8091-TTVAX,0,0,0.16915759436326985
3494-JCHRQ,1,1,0.8028630628189741
5827-MWCZK,0,0,0.19564902051741703
1559-DTODC,0,0,0.2317636337891531
9286-DOJGF,1,0,0.42770283233422995
9967-ATRFS,0,0,0.05373015630922365
6693-FRIRW,0,0,0.39251156103919177
3279-DYZQM,0,0,0.010788062627672342
9866-QEVEE,1,0,0.3527141354281822
7341-LXCAF,1,1,0.7291077433114074
1333-PBMXB,0,0,0.03517176043128555
6048-QBXKL,0,1,0.6976826651383019
5673-FSSMF,1,1,0.732045809682356
5951-AOFIH,0,0,0.18101339062297736
4059-IIEBK,0,1,0.6672580628603358
8981-FJGLA,0,1,0.5574081799381774
9795-NREXC,0,0,0.032061659482349
1729-VLAZJ,0,0,0.058930791018760656
0402-OAMEN,0,0,0.013922274932486042
6689-KXGBO,1,1,0.6216358993709118
8285-ABVLB,0,0,0.016639793073077985
7743-EXURX,1,0,0.32509157798182015
7243-LCGGZ,0,1,0.5135585038962625
9734-UYXQI,1,1,0.6697487208457408
2485-ITVKB,1,1,0.6903419442441243
2272-JKMSI,0,0,0.22377073276804813
0829-XXPLX,0,0,0.36262295166550307
1027-LKKQQ,0,0,0.022265850200608277
2013-SGDXK,1,1,0.7377738342974239
3207-OYBWH,1,0,0.2637161893623497
6728-VOIFY,0,0,0.21151875106969964
6718-BDGHG,0,0,0.09644228371458642
3002-WQZWT,0,0,0.42863975841136936
9978-HYCIN,0,0,0.12581290167420245
5346-BZCHP,0,0,0.013434616381007713
4208-UFFGW,1,1,0.5012236055313816
6963-KQYQB,0,0,0.015342716666826154
6693-DJWTY,0,0,0.04764868317212872
3957-LXOLK,1,1,0.6642369739009012
5553-AOINX,0,0,0.28962379280383327
4616-ULAOA,0,0,0.08698835065018894
2108-YKQTY,1,0,0.36327052252825776
6252-DFGTK,0,0,0.05569977504033537
4785-NKHCX,0,0,0.1733582427854776
3307-TLCUD,0,0,0.1745809386607611
9917-KWRBE,0,0,0.08257462959549891
7912-SYRQT,1,1,0.6010437256448732
5712-PTIWW,1,1,0.6027683067399716
1768-HNVGJ,0,0,0.23142693205444498
9375-MHRRS,0,0,0.21913776234344
5299-SJCZT,1,1,0.8752052124376946
6821-BUXUX,1,1,0.6456435844863996
3621-CEOVK,1,1,0.7584932294117364
8942-DBMHZ,0,0,0.08161410025532305
2697-NQBPF,0,0,0.4307870955611458
5453-YBTWV,0,0,0.05312878307344057
1545-ACTAS,0,0,0.1585068109595107
3594-IVHJZ,0,0,0.15610697286214617
3212-KXOCR,0,0,0.018463753429500095
9968-FFVVH,0,0,0.03710223575520903
1685-BQULA,0,0,0.3231382992604461
4462-CYWMH,0,0,0.22846068761661334
7445-WMRBW,0,0,0.07124616293385723
0269-XFESX,0,0,0.029798655564534888
7746-AWNQW,0,0,0.1590537618975034
3096-GKWEB,0,1,0.632160769660126
4667-OHGKG,1,0,0.3271312976705609
2842-JTCCU,1,1,0.5525539242126873
7471-WNSUF,0,0,0.03357470166893024
2519-ERQOJ,0,0,0.26323944513638897
9185-TQCVP,1,1,0.7108902602176956
6969-MVBAI,0,1,0.7776107213359685
5130-YPIRV,0,0,0.028092732601789447
7216-KAOID,0,0,0.030048412143357094
0616-ATFGB,1,1,0.776108457172431
8118-LSUEL,1,1,0.7161107772840691
2378-VTKDH,0,0,0.46470826614431837
5414-OFQCB,0,0,0.046254050628220446
2219-MVUSO,1,0,0.2843504012039164
2408-PSJVE,0,0,0.12308439621275186
5982-PSMKW,0,0,0.04436672126659916
2642-MAWLJ,0,0,0.018893518456318915
7666-WKRON,1,0,0.07417634669935151
9289-LBQVU,0,0,0.057960493453383874
1142-IHLOO,0,0,0.09956004342641239
6818-WOBHJ,1,0,0.2820809789109117
4018-PPNDW,0,0,0.016853896444197825
1216-JWVUX,0,0,0.36784891073437626
8974-OVACP,0,0,0.49467474180582277
5619-PTMIK,0,0,0.1672255233166873
2851-STERV,0,0,0.1572202125739737
5087-SUURX,1,0,0.4476586337240909
5378-IKEEG,1,1,0.8271389915085164
2709-UQGNP,0,0,0.1885475362410708
3791-LGQCY,1,0,0.38633063053495814
2884-GBPFB,1,0,0.4070049815857936
3039-MJSLN,0,0,0.13319964495349856
3092-IGHWF,1,0,0.07345205586278881
1038-RQOST,0,0,0.052921633286961624
7998-ZLXWN,0,0,0.10972750013432553
3284-SVCRO,0,0,0.017553702004617026
6419-ZTTLE,0,0,0.055199215642627975
0074-HDKDG,0,0,0.057063882297290314
6447-GORXK,0,0,0.14509131566515038
4800-CZMPC,1,0,0.23504269257447738
5748-RNCJT,1,0,0.08499601799521195
6173-GOLSU,0,0,0.33203341065898884
5204-QZXPU,1,0,0.4476586337240909
1576-PFZIW,0,0,0.0951570910685095
3707-GNWHM,1,1,0.8011784157777679
7508-DQAKK,0,0,0.02788249508296431
8481-YYXWG,1,1,0.5941056368024479
5961-VUSRV,0,0,0.06377271919406631
6260-XLACS,0,0,0.05078787140303669
2750-BJLSB,0,0,0.2504530747129181
6786-OBWQR,0,1,0.7408649850355467
9146-JRIOX,0,0,0.08425913821311196
0114-IGABW,0,0,0.02578725363104838
0668-OGMHD,0,0,0.15487408494175256
6956-SMUCM,1,1,0.6538921792811678
9190-MFJLN,1,0,0.45257175108306563
3694-GLTJM,0,0,0.1447548016533374
9850-OWRHQ,1,1,0.6498913077167382
9360-AHGNL,1,0,0.2354829074175425
2027-OAQQC,1,0,0.20600491757159836
6075-QMNRR,0,0,0.14679153648152424
1513-XNPPH,1,1,0.6359518542506079
5949-EBSQK,1,0,0.24788874151357573
1363-TXLSL,1,1,0.8005425554909738
7593-JNWRU,1,0,0.3895219307746212
3177-LASXD,1,1,0.7669575592459897
3230-JCNZS,0,0,0.036290862407940834
8982-NHAVY,0,0,0.2995029810707608
5140-FOMCQ,0,0,0.25799446899542905
6400-BWQKW,1,1,0.5362786928632521
3597-YASZG,0,0,0.0793925537172703
8048-DSDFQ,0,0,0.4681189180945939
9800-OUIGR,0,0,0.01603581688228457
8124-NZVGJ,0,0,0.2095330877824217
7856-GANIL,0,0,0.21055535428132496
3633-CDBUW,0,0,0.11671388441684045
2599-CZABP,0,0,0.11643705307004677
4877-EVATK,1,0,0.2501837132013203
4464-JCOLN,1,0,0.05171366948103528
2027-WKXMW,0,0,0.349535044976356
3801-HMYNL,1,1,0.706097135224454
2320-SLKMB,0,0,0.1539725505048694
7176-WRTNX,0,0,0.17600097030678996
7395-IGJOS,1,0,0.3233866079853109
1159-WFSGR,0,0,0.1041433863531385
9225-BZLNZ,0,0,0.03777392892773289
7817-OMJNA,0,0,0.05320615608955557
3138-BKYAV,1,1,0.6810494094788107
6328-ZPBGN,1,1,0.665933494459117
1207-BLKSA,0,0,0.07835680336219288
9058-CBREO,1,1,0.7654494993159997
5439-WIKXB,0,0,0.48379592717079517
3533-UVMOM,0,0,0.022701760951208752
5057-LCOUI,1,0,0.2873082220450245
9851-KIELU,1,1,0.5147860366042954
2120-SMPEX,0,0,0.06784982713632046
3094-JOJAI,0,0,0.2665766127634452
2277-BKJKN,0,0,0.08442485940504904
3011-WQKSZ,0,0,0.09085304165687999
6122-EFVKN,0,0,0.02664635350365641
0883-EIBTI,1,0,0.1367382001518871
8782-LKFPK,0,0,0.3059126896741983
9290-SHCMB,0,1,0.7393448612597943
1215-VFYVK,0,0,0.15199667200929637
5468-BPMMO,0,0,0.06518491908384481
9029-FEGVJ,0,0,0.3936481958331859
2799-ARNLO,0,1,0.6744047294420861
3645-DEYGF,0,0,0.32799128065950217
5590-YRFJT,1,0,0.30419416258201215
8361-LTMKD,1,1,0.6811408202885695
9717-QEBGU,0,1,0.6989418766314303
3398-GCPMU,0,0,0.02691352693404045
1360-JYXKQ,0,0,0.24282514054477233
6142-VSJQO,1,1,0.5241421764663826
8999-BOHSE,1,1,0.6014210139135915
1410-RSCMR,0,0,0.19579684376447887
5248-KWLAR,0,0,0.01898214055378169
0137-UDEUO,1,0,0.1424157478019136
2925-VDZHY,0,0,0.018098528004007155
5931-FLJJF,1,0,0.47873166519062565
6917-YACBP,0,0,0.2781083471817114
4918-QLLIW,1,0,0.41317847907156635
8943-URTMR,1,1,0.7271049848842034
7639-LIAYI,0,0,0.0319843032909239
5965-GGPRW,0,0,0.04894590514560232
7760-OYPDY,1,1,0.7815947173388842
6789-HJBWG,0,0,0.3054851433775689
9577-WJVCQ,0,0,0.09032686623597674
1205-WNWPJ,1,0,0.2544894920947396
3703-VAVCL,1,0,0.4582645810081234
4685-TFLLS,0,0,0.041515301579296594
8720-RQSBJ,0,1,0.7503248556912875
3411-WLRSQ,0,1,0.6457889974148129
0731-EBJQB,0,0,0.039294481197096935
3161-ONRWK,0,0,0.030068225408671507
3086-RUCRN,0,0,0.1921952127168067
5397-NSKQG,0,0,0.031152377561693045
9117-SHLZX,1,1,0.5767710338101283
9496-IVVRP,0,0,0.18976124281263168
6500-JVEGC,0,0,0.11624382743839584
5522-NYKPB,0,0,0.2974353184933652
1450-SKCVI,1,0,0.2600811410048285
2207-NHRJK,1,1,0.5020117065751746
2609-IAICY,1,1,0.8678924902291613
9220-ZNKJI,0,0,0.047117653361219876
5228-EXCET,1,1,0.5582645662660348
8318-LCNBW,0,0,0.06332443042402049
8246-SHFGA,0,0,0.0875337069026136
0323-XWWTN,0,0,0.03702067412122849
9411-TPQQV,0,0,0.07511314430128785
3982-DQLUS,0,0,0.1830388036905762
1830-IPXVJ,0,0,0.016208104985068517
1763-KUAAW,0,0,0.048328485120032204
8668-KNZTI,0,0,0.0692892316807767
6199-IPCAO,0,0,0.016438632302779727
1530-ZTDOZ,0,0,0.12677263491328278
3247-ZVOUO,1,1,0.7279311231173455
4713-ZBURT,0,0,0.08635914277999406
5312-TSZVC,0,0,0.040570912355264645
1934-SJVJK,1,0,0.4681189180945939
7729-JTEEC,0,1,0.5620042810403927
7207-RMRDB,1,0,0.4128520668918667
5327-XOKKY,0,0,0.050798169279419395
6425-JWTDV,0,0,0.016529698258726803
9763-PDTKK,1,1,0.5622496835424737
9904-EHEVJ,0,1,0.5717366620324317
7997-EASSD,0,0,0.059823247618362406
0854-UYHZD,0,0,0.024390121972567975
2160-GPFXD,0,0,0.023292222723814676
3717-FDJFU,0,0,0.02905481451662006
7968-QUXNS,0,0,0.09513890876716631
7696-AMHOD,0,0,0.07644502059195832
3234-VKACU,0,0,0.42238726512589353
1641-RQDAY,0,1,0.6389904994427509
5498-TXHLF,1,0,0.4024660158683463
8417-GSODA,0,0,0.1326662416842797
4282-YMKNA,1,1,0.6090872617977129
6817-WTYHE,0,0,0.49502526991884105
0970-QXPXW,0,0,0.32336092681502415
5269-NRGDP,0,0,0.09196721630850424
7096-ZNBZI,0,0,0.014622366215453542
3669-OYSJI,1,0,0.4108385603165134
6407-UTSLV,0,1,0.8361030603899126
4439-JMPMT,1,1,0.6929476107849385
5762-TJXGK,0,0,0.040706114291295524
7694-VLBWQ,1,0,0.24401060242262773
7240-FQLHE,1,0,0.37583117325309856
1596-OQSPS,0,0,0.224915784550896
5574-NXZIU,0,0,0.09105860661008015
4257-GAESD,0,0,0.45264682104163334
6339-DKLMK,0,0,0.40716000735405083
5835-BEQEU,1,1,0.7796572935132089
3842-QTGDL,0,0,0.2654883932772807
7138-GIRSH,0,0,0.03432363406402545
1035-IPQPU,0,0,0.46470826614431837
8189-XRIKE,0,0,0.4728104767641376
4238-HFHSN,0,0,0.38145560775957194
3243-ZHOHY,0,0,0.041624027564560455
4990-ALDGW,0,0,0.016529698258726803
1728-CXQBE,0,0,0.29630743435471457
6960-HVYXR,1,1,0.7836428991650405
6946-LMSQS,1,0,0.1808540742559898
9381-NDKME,1,0,0.366600370587373
5975-BAICR,0,0,0.06938702988752021
7580-UGXNC,1,0,0.333118260032931
2460-FPSYH,1,0,0.26255674967961384
0815-MFZGM,0,0,0.07509276656890745
1460-UZPRJ,0,0,0.014990883811712041
4648-YPBTM,0,0,0.031161711375959918
2672-OJQZP,0,0,0.4595699011881288
0412-UCCNP,0,0,0.03958557261745118
3374-TTZTK,0,0,0.11174036140300919
3190-XFANI,1,0,0.16213988938022136
2676-SSLTO,0,0,0.04503032760435252
9895-VFOXH,0,0,0.43950947648880084
8756-RDDLT,0,0,0.10745663175200929
0014-BMAQU,0,0,0.029059534253136985
0744-BIKKF,0,0,0.019004577658091118
1872-EBWSC,0,0,0.026908601520191096
9873-MNDKV,0,0,0.24480184078131584
5707-ZMDJP,0,0,0.02331836502032135
8317-BVKSO,0,0,0.12684295847787994
4607-CHPCA,1,0,0.26961312489191
5170-PTRKA,0,0,0.042915595411954735
4070-OKWVH,0,0,0.24870206136074638
3034-ZBEQN,1,0,0.06767388334907738
4210-QFJMF,1,1,0.7215469942191514
0280-XJGEX,1,0,0.4275145835349406
5732-IKGQH,0,0,0.171581734257303
0258-NOKBL,0,1,0.512253371063448
2320-YKQBO,0,0,0.10009447988923904
3452-FLHYD,0,0,0.034874424884717065
5167-ZFFMM,1,1,0.8008562916360759
5231-FIQPA,0,0,0.018541672386975957
4883-KCPZJ,0,0,0.022261466453680514
3908-MKIMJ,0,0,0.05725953450895704
6778-EICRF,0,0,0.0708148915308324
6476-YHMGA,0,0,0.2731235178612345
8039-ACLPL,0,0,0.019298576576177506
6502-HCJTI,1,1,0.5965348409709196
3376-BMGFE,1,1,0.6365515717017212
7627-JKIAZ,1,0,0.37486494444211804
9339-FIIJL,0,0,0.02727230592244795
6741-EGCBI,0,0,0.38265182652413493
4472-VESGY,0,0,0.24609067990266065
0411-EZJZE,0,1,0.6423263673916639
2181-UAESM,0,0,0.365945945890609
6797-UCJHZ,0,0,0.2177105054815748
1764-VUUMT,0,0,0.015171223620705502
5304-EFJLP,0,0,0.03608481995363055
1389-WNUIB,0,0,0.07753437047288791
6475-VHUIZ,0,0,0.14845698196170495
9778-OGKQZ,0,0,0.022668696844742636
9313-CDOGY,0,0,0.06257108589752339
4588-YBNIB,1,0,0.350966655898275
7777-UNYHB,0,0,0.11695110271984241
3199-XGZCY,0,1,0.6039855962882942
3804-RVTGV,1,0,0.4005324898133537
1092-WPIVQ,0,0,0.019464569836356176
2959-MJHIC,1,1,0.7293113804583746
7328-ZJAJO,0,0,0.019211090879679222
9761-XUJWD,0,0,0.2997360309666083
3003-CMDUU,0,0,0.42427671642271275
0015-UOCOJ,0,0,0.3237616536301554
4010-YLMVT,0,0,0.3643762953878881
3873-WOSBC,0,0,0.019428616898128664
8410-BGQXN,0,0,0.103794234874656
6549-YMFAW,0,0,0.10091391271777117
2900-PHPLN,0,0,0.024832501502438837
5461-QKNTN,0,0,0.381119202429198
1535-VTJOQ,0,0,0.02252014274007114
4186-ZBUEW,0,0,0.09486883870990429
7421-ZLUPA,0,0,0.2438537084157254
3871-IKPYH,1,1,0.8589106244968132
4192-GORJT,1,1,0.7506464562752845
5356-KZCKT,0,0,0.023352468510595727
1386-ZIKUV,0,0,0.10528986146010993
0274-JKUJR,0,0,0.1568148293646029
2080-GKCWQ,0,1,0.5598480809944875
6311-UEUME,1,0,0.48619650428288963
8372-JUXUI,1,1,0.8295338613089972
6288-LBEAR,0,0,0.1882821747630867
6746-WAUWT,0,0,0.03617471838525906
9495-REDIY,0,0,0.11372101677976403
8849-AYPTR,0,0,0.3796644001492112
8993-PHFWD,1,1,0.559810084392751
8595-SIZNC,0,0,0.0559111656185432
4641-FROLU,0,0,0.015667827221601798
2982-IHMFT,1,1,0.8384078515637106
0354-WYROK,1,0,0.47214911132757
1741-WTPON,0,0,0.09797508258420244
3845-FXCYS,0,0,0.18176327042748378
2933-XEUJM,0,0,0.03360260007183286
7825-ECJRF,1,0,0.4463126299448664
8108-UXRQN,0,0,0.23092467921840493
7233-PAHHL,0,0,0.031523297555893955
5153-LXKDT,0,0,0.15174740904140502
5110-CHOPY,0,0,0.04083801771517411
8164-OCKUJ,0,0,0.014816082856885796
7269-JISCY,0,0,0.07030140961634837
6598-RFFVI,1,0,0.042223544138962274
6777-TGHTM,1,0,0.2329473248307222
8735-NBLWT,0,0,0.09652413116656523
4220-TINQT,0,0,0.3917019348664005
9776-OJUZI,0,0,0.3319160963192657
6877-TJMBR,1,1,0.7352384586609968
9092-GDZKO,0,0,0.10040211142219065
5948-UJZLF,0,0,0.39309383174160945
5027-YOCXN,0,0,0.162824172669213
9906-NHHVC,0,0,0.059672773337887675
1196-AMORA,1,1,0.5230615618244179
5600-KTXFM,0,1,0.5521240381026571
7293-LSCDV,0,0,0.01901248367133563
4927-WWOOZ,0,1,0.841715995154175
8148-NLEGT,0,0,0.09348822782762561
2115-BFTIW,1,0,0.22072165598289215
9451-WLYRI,0,0,0.03290896603930479
8844-TONUD,1,1,0.663960271856604
4232-JGKIY,0,0,0.13252082396115025
0784-ZQJZX,0,0,0.01205855556257079
4827-DPADN,0,0,0.024268981242026734
1077-HUUJM,0,1,0.5571039473184128
5287-QWLKY,1,0,0.1372085543731601
6695-FRVEC,0,0,0.03786869868187549
2533-TIBIX,0,0,0.16459704502771763
8792-AOROI,0,0,0.03750802098933473
5846-ABOBJ,0,0,0.014622366215453542
4236-UJPWO,0,0,0.47347804575821784
9591-YVTEB,0,0,0.2616414171621769
5482-VXSXJ,0,0,0.47341379439183306
1269-FOYWN,0,0,0.030048412143357094
4248-QPAVC,1,1,0.5526991820628031
6967-QIQRV,0,0,0.4114903328891001
6927-WTFIV,1,0,0.24410373432300286
3363-EWLGO,0,0,0.1091462615642433
5382-SOYZL,0,1,0.6557547458761515
9269-CQOOL,1,1,0.5283665706540213
4193-IBKSW,0,0,0.013922274932486042
9586-JGQKH,0,0,0.08215933566282922
6122-LJADA,0,0,0.026564649233084502
5006-MXVRN,0,0,0.01939532000539562
2181-TIDSV,0,0,0.016554863243132767
5402-HTOTQ,0,0,0.25856329908701103
3758-CKOQL,0,0,0.22198690216363853
8268-YDIXR,0,0,0.059391269747827984
4016-BJKTZ,0,0,0.22008819750174782
6719-FGEDO,0,0,0.024898579475694984
9793-WECQC,0,0,0.41452710862408604
8819-IMISP,0,0,0.4729081120280051
0704-VCUMB,0,0,0.016639793073077985
7881-EVUAD,1,0,0.48619650344698834
0754-UKWQP,1,1,0.7971755467422125
2921-XWDJH,0,0,0.47273073088702966
1184-PJVDB,1,1,0.6430643712053948
5505-OVWQW,0,0,0.044949067818159556
2091-MJTFX,1,0,0.10456740780017637
2882-WDTBA,0,0,0.021023837468653595
0930-EHUZA,0,0,0.05854885830237114
9659-QEQSY,0,0,0.29017089303256227
1265-HVPZB,0,0,0.0415722608322944
5329-KRDTM,0,0,0.03585964924828405
5044-LRQAQ,0,1,0.5061948200761359
6341-JVQGF,0,0,0.06995558094083922
7297-DVYGA,0,0,0.03546798450164757
0486-LGCCH,0,0,0.023086439632970995
4145-UQXUQ,1,1,0.7099957401886123
8015-IHCGW,0,0,0.03446048606484185
6377-KSLXC,0,0,0.103794234874656
1401-FTHFQ,0,0,0.03398602321155528
4018-KJYUY,0,0,0.05885888656107143
7268-WNTCP,0,0,0.015171223620705502
2541-YGPKE,0,0,0.05053172093907323
0307-BCOPK,0,0,0.044949067818159556
0530-IJVDB,0,0,0.07448787842313383
4817-KEQSP,0,0,0.012188641474131004
2690-DVRVK,0,0,0.05793554453107471
0310-SUCIN,0,0,0.025022611751870646
3161-GETRM,0,0,0.3224066089469359
5055-MGMGF,0,0,0.41262640404676426
6664-FPDAC,1,0,0.2370484692784606
7208-PSIHR,0,0,0.08822910190727981
4360-QRAVE,0,0,0.24450305843224684
4765-OXPPD,1,0,0.10131085958796006
4039-HEUNW,1,1,0.5765155393791113
5569-OUICF,1,0,0.45305498225542495
0281-CNTZX,0,0,0.018272728368492513
5321-NTRKC,0,0,0.03955738232717351
5686-CMAWK,0,0,0.16216192205565183
8775-ERLNB,0,1,0.8094977649686098
6635-MYYYZ,1,0,0.06169014601995879
6185-TASNN,0,0,0.467006250705129
5027-QPKTE,1,1,0.543179317245509
5996-NRVXR,0,0,0.12615306898031156
7449-HVPIV,0,0,0.2879745441857192
6848-HJTXY,0,0,0.01789064228294297
3398-FSHON,1,1,0.7458570040582889
9752-ZNQUT,0,1,0.6068448077526604
5816-JMLGY,0,0,0.03150932673331521
7036-TYDEC,0,0,0.12363245189493531
0637-KVDLV,1,1,0.8092348472924463
6393-WRYZE,1,1,0.6218509748609993
7036-ZZKBD,0,0,0.11795532788063867
9386-LDCZR,0,0,0.0341503982125499
9137-UIYPG,0,0,0.3696829534906424
2782-JEEBU,0,0,0.16508970563272063
7581-EBBOU,0,0,0.053732348169460584
0524-IAVZO,1,1,0.5718168857159127
3091-FYHKI,1,1,0.7099105515879631
2079-FBMZK,1,0,0.4722926049806408
1297-VQDRP,0,0,0.15775458035423104
0181-RITDD,0,0,0.1042828123058606
7156-MXBJE,0,0,0.07060479312834242
3709-OIJEA,0,0,0.1260136610824649
0637-UBJRP,1,0,0.41850636312933936
3549-ZTMNH,0,0,0.0421254182755521
2372-HWUHI,1,0,0.49971810590428073
2018-PZKMU,0,1,0.6173028563331072
1052-QJIBV,0,0,0.0128854842264466
3635-QQRQD,0,0,0.018272728368492513
1094-BKOSX,0,0,0.07260423010978247
9362-MWODR,0,0,0.127331752370871
1623-NLDOT,1,0,0.04970743086038067
6633-SYEUS,0,0,0.15262122909184062
1862-QRWPE,0,0,0.019211090879679222
3566-CAAYU,0,0,0.03972438593653537
5896-NPFWW,1,1,0.5349167874542731
3520-FJGCV,0,0,0.030623767008825346
4390-KYULV,1,0,0.14827795098959362
7233-IOQNP,0,0,0.08045628705249162
1814-DKOLC,0,0,0.11607861733910466
0193-ESZXP,1,0,0.2248215573883781
6559-PDZLR,0,1,0.546077157649427
8705-DWKTI,0,0,0.22432796885717632
5788-YPOEG,0,0,0.0288446820880545
8028-PNXHQ,0,0,0.020183983672832924
5143-EGQFK,1,0,0.31664623397698605
9805-FILKB,0,0,0.03279451186655381
1925-LFCZZ,0,0,0.16246319065975023
3396-DKDEL,0,0,0.06650158203446427
0388-EOPEX,1,1,0.554006305912278
3146-JTQHR,0,0,0.04897350147947756
9540-JYROE,1,0,0.3906924087953756
4311-QTTAI,0,0,0.04992255405143895
5317-FLPJF,0,0,0.029116608182513756
7629-WFGLW,0,0,0.08656988824975843
2159-TURXX,0,0,0.10817327369830425
4854-SSLTN,0,0,0.03718567879068093
6198-ZFIOJ,0,1,0.609777286322566
2718-GAXQD,1,0,0.4622231606710958
5035-BVCXS,0,0,0.4287453523583684
3973-SKMLN,0,0,0.013513784113354282
3999-WRNGR,0,0,0.2408167137899739
2091-RFFBA,1,1,0.5331450025992736
3045-XETSH,1,1,0.6907665149809125
8999-XXGNS,0,0,0.09243760574631174
6007-TCTST,0,0,0.030623767008825346
5893-PYOLZ,0,0,0.029421117318365636
7670-ZBPOQ,0,0,0.04658683114989439
8713-IGZSO,0,0,0.16258054786684625
2277-AXSDC,0,0,0.03237243224445314
5666-CYCYZ,0,0,0.4290889639735436
0691-JVSYA,1,0,0.1468755857016686
8133-ANHHJ,0,0,0.19550568281695074
8903-XEBGX,0,1,0.5830845743419791
6689-VRRTK,0,0,0.2729505802665148
4335-BSMJS,0,0,0.02119218224855536
7978-DKUQH,0,0,0.4015166110792096
9822-BIIGN,0,0,0.11077331678218157
4522-XRWWI,0,0,0.0569963205830721
8562-GHPPI,0,0,0.18053464967777488
6278-FEPBZ,0,0,0.038775930361201576
5681-LLOEI,0,0,0.04658833157032968
9055-MOJJJ,0,0,0.0382899248384865
5213-TWWJU,0,0,0.21065046748799585
6851-WEFYX,0,1,0.6487520052126505
6345-ULYRW,1,0,0.12212824788196996
6210-KBBPI,1,1,0.757628395726655
5047-LHVLY,1,1,0.6371378483133185
8414-MYSHR,1,1,0.7598226401956433
4106-HADHQ,1,0,0.05073215512185612
8215-NGSPE,0,0,0.01593206094900137
3567-PQTSO,0,0,0.28660952250621147
6839-ITVZJ,1,0,0.18689599748392105
3211-AAPKX,0,1,0.540669876284151
5022-JNQEQ,0,0,0.42651127768968644
0794-YVSGE,0,0,0.01205855556257079
2691-NZETQ,1,1,0.718564274207069
0577-WHMEV,0,0,0.3735456852541589
9451-LPGOO,1,1,0.6871290514592743
4501-VCPFK,0,0,0.17241990235251886
6305-YLBMM,1,0,0.14122251799655297
5159-YFPKQ,1,1,0.7434864243195642
3870-MQAMG,1,0,0.2370908008148146
6961-VCPMC,1,0,0.46015125592891865
0513-RBGPE,0,0,0.0415283237766476
8990-ZXLSU,0,0,0.43893955175589355
4716-MRVEN,0,0,0.026908601520191096
5989-PGKJB,0,1,0.5809824576061012
5091-HFAZW,0,1,0.6198387083437586
4116-IQRFR,0,0,0.06011216572667318
8012-SOUDQ,0,1,0.5456932861998978
8993-IZEUX,0,0,0.4138114790030199
7274-CGTOD,0,0,0.03034666243343251
4616-EWBNJ,0,0,0.06038289912763606
7014-ZZXAW,0,0,0.01595676022000716
9847-HNVGP,0,0,0.0394364075174537
6015-VVHHE,1,1,0.7731090384492293
8761-NSOBC,1,0,0.31820233775169954
6762-NSODU,0,0,0.019211090879679222
4672-FOTSD,0,0,0.1952074254326783
4043-MKDTV,0,0,0.05434781136388184
4403-BWPAY,0,0,0.06214995531782721
4328-VUFWD,0,0,0.10120233970912297
0107-YHINA,1,1,0.9071181468774472
8642-GVWRF,1,1,0.7775027908192829
5207-PLSTK,0,0,0.47951984046219176
8198-RKSZG,0,0,0.3254734191242227
7873-CVMAW,0,0,0.019004577658091118
9436-ZBZCT,1,1,0.6509888914720059
4295-YURET,0,0,0.03785334325109954
5146-CBVOE,0,0,0.3461974992660071
3605-JISKB,0,0,0.07103701058587657
4391-RESHN,1,1,0.5145862463014771
1010-DIAUQ,1,1,0.6409060345512029
0343-QLUZP,0,0,0.030178717079912838
8006-PYCSW,0,0,0.1367382001518871
5313-FPXWG,0,0,0.038119343579522326
7161-DFHUF,0,0,0.01211688303511476
7131-ZQZNK,0,0,0.02615911444902258
5716-EZXZN,0,0,0.059838631994054536
7321-KKSDU,0,0,0.01583383204720002
2683-BPJSO,1,0,0.38916797769533285
0254-WWRKD,0,0,0.05330805363544943
4529-CKBCL,1,1,0.7786065780734714
5451-MHQOF,0,0,0.031095455167495456
6242-MBHPK,0,1,0.5617207738429862
8952-WCVCD,0,0,0.26469912536962403
4923-ADWXJ,0,0,0.1317322196956699
6631-HMANX,0,0,0.030910693427178806
8597-CTXVJ,0,0,0.03423050174976394
6583-SZVGP,0,0,0.1844896925951792
4324-AHJKS,0,0,0.21056614230604273
6557-BZXLQ,0,0,0.43399596305331234
2243-FNMMI,0,0,0.05427720435247995
2073-QBVBI,0,0,0.055240020476795715
4707-MAXGU,0,0,0.014622366215453542
6473-ULUHT,0,0,0.28319343196231467
5793-YOLJN,0,0,0.01593206094900137
6386-SZZKH,1,0,0.10314942393775177
3308-MHOOC,0,0,0.33696256642527544
3882-IYOIJ,0,0,0.09455595168590482
0870-VEMYL,1,0,0.1702658354426191
5248-YGIJN,0,0,0.02156442312532419
1482-OXZSY,0,0,0.4763967915845452
5795-KTGUD,0,0,0.13924123713701622
7115-IRDHS,0,0,0.014622366215453542
0392-BZIUW,0,0,0.06397453162279461
5356-CSVSQ,0,0,0.44926670789894074
2606-PKWJB,0,0,0.03743250715560514
7593-XFKDI,1,0,0.49585508186345006
8746-BFOAJ,0,0,0.043076852747720905
8815-LMFLX,0,0,0.08994901376642463
6366-ZGQGL,1,0,0.35206853826816764
3272-VUHPV,0,0,0.1861744201067078
4361-JEIVL,1,1,0.5752019120069896
0843-WTBXE,1,0,0.25349761186203806
6077-BDPXA,0,1,0.7084930950682136
4803-LBYPN,0,0,0.04993074866044192
9564-KCLHR,1,0,0.4454577689532742
1928-BXYIV,0,0,0.49256150214847144
2860-RANUS,1,0,0.49883774468125114
3266-FTKHB,0,0,0.025628182114585032
5515-AKOAJ,1,0,0.3965687405487643
2150-WLKUW,0,0,0.08428924610392652
5027-XWQHA,1,0,0.31657333911117397
2023-VQFDL,0,0,0.07951522403022898
2019-HDCZY,0,0,0.162273497965128
0567-GGCAC,0,0,0.15847683168605073
3315-TOTBP,1,1,0.5265768769471336
3570-YUEKJ,0,0,0.24995321993153705
9069-LGEUL,0,0,0.1496552205462301
5696-JVVQY,0,0,0.03528612153051321
2144-ESWKO,0,0,0.06822555665469238
2696-NARTR,1,0,0.3727354331254515
1775-KWJKQ,0,0,0.018098528004007155
6729-FZWSY,0,0,0.02754148005140804
2190-BCXEC,0,0,0.22792269174123586
1853-ARAAQ,0,0,0.20931534323004772
9448-REEVD,1,0,0.2848899201041849
8111-RKSPX,1,1,0.6942078051087074
9602-WCXPI,0,0,0.030837169587147363
3192-LNKRK,0,0,0.44119384229192227
5996-EBTKM,0,0,0.03252837316920483
3841-NFECX,0,0,0.029639990748767206
7979-CORPM,1,0,0.4906321164634515
3221-CJMSG,0,0,0.1295889137456359
0678-RLHVP,0,0,0.16299235813282795
9957-YODKZ,0,1,0.7649332871750326
6937-GCDGQ,0,0,0.07521348087868375
3387-VATUS,1,1,0.8164851140287717
7928-VJYAB,0,1,0.5620247607774078
9134-WYRVP,0,0,0.0681703175881125
9079-LWTFD,0,0,0.25308747526503644
5294-DMSFH,0,0,0.3934248432344819
9692-TUSXH,1,1,0.5701434543920735
8106-GWQOK,0,0,0.03279937910774436
5233-AOZUF,0,0,0.457698568524871
9619-GSATL,0,0,0.07614344248249609
8270-RKSAP,0,1,0.500543422459439
1218-VKFPE,1,0,0.08385604571106577
4625-XMOYM,0,0,0.015193765779785826
8780-RSYYU,0,0,0.07964319482118855
4993-JCRGJ,0,0,0.3470318091193976
4452-QIIEB,0,0,0.22917785159238954
6360-SVNWV,0,0,0.27751214667746193
9633-DENPU,0,0,0.20261378772238375
7799-DSEWS,0,0,0.15798338530742528
0298-XACET,0,0,0.03794930561785318
3806-YAZOV,0,0,0.13369760457303223
2484-DGXPZ,1,0,0.0641036726953523
6507-ZJSUR,0,1,0.596493529536001
1268-ASBGA,1,1,0.6897757968649323
9667-TKTVZ,0,0,0.4406178417201153
5980-BDHPY,0,0,0.02156442312532419
7619-ODSGN,1,0,0.15420973387381393
1226-JZNKR,0,0,0.05337788364329255
5915-DGNVC,0,0,0.05746643808550382
1550-LOAHA,1,0,0.29739044775967793
3458-IDMFK,0,0,0.018855226424095164
9631-XEYKE,0,1,0.5334100296132769
2740-JFBOK,0,0,0.15143520848790545
1545-JFUML,0,0,0.04516037068917198
9138-EFSMO,0,0,0.07817888746666822
9975-GPKZU,0,0,0.017985611591930545
5115-SQAAU,0,0,0.020183983672832924
9614-RMGHA,1,0,0.2804200790241188
9700-ISPUP,0,0,0.21640098487359408
5386-THSLQ,0,0,0.10722757719987425
9513-DXHDA,0,0,0.06589200449223413
2065-MMKGR,0,0,0.1054996465871787
7660-HDPJV,1,1,0.8579723256922477
2586-CWXVV,0,0,0.3019547351002181
6322-HRPFA,0,0,0.07612422174051559
6479-SZPLM,0,0,0.017687931835425906
4806-DXQCE,0,0,0.18914919038560174
7249-WBIYX,1,1,0.7315367237186897
6283-GITPX,0,0,0.017876058434454653
8749-TZYEC,0,0,0.014622366215453542
1960-UOTYM,0,0,0.029727316364785854
6663-JOCQO,0,0,0.06708886030229243
7919-ZODZZ,0,0,0.11252752255918506
0133-BMFZO,1,0,0.4663280842991073
1724-IQWNM,0,0,0.33696256642527544
0696-UKTOX,0,0,0.11411093322340868
7055-VKGDA,1,0,0.15189301091836271
3638-DIMPH,0,0,0.12235199123614536
9432-VOFYX,0,0,0.4576740339685571
4962-CHQPW,0,0,0.026492385444198966
7446-KQISO,0,0,0.13422093549567393
5651-CPDND,0,0,0.21241872556902833
9170-GYZJC,1,0,0.08930966406300671
8010-EZLOU,1,1,0.6362338375555557
3506-LCJDC,1,0,0.15529747076739112
2292-XQWSV,0,0,0.12650689112488298
2346-LOCWC,0,0,0.019211090879679222
7639-OPLNG,0,0,0.0248711003474111
0842-IWYCP,0,0,0.15046514700865524
5019-GQVCR,0,1,0.5829890589840883
2293-IJWPS,0,0,0.19612793234243173
9896-UYMIE,0,0,0.1459051452802679
6235-VDHOM,1,0,0.4263428202155109
3785-KTYSH,0,0,0.01680876607582329
5366-OBVMR,0,0,0.1493329563240983
6377-WHAOX,0,0,0.48432623697575533
8807-ARQET,0,0,0.2882393943516769
6175-IRFIT,0,1,0.5177089131784541
8059-UDZFY,0,1,0.5059942362035275
3049-NDXFL,1,1,0.7587355966266096
4277-PVRAN,1,1,0.6270318588295021
7531-GQHME,0,0,0.09046287658726541
5567-WSELE,1,1,0.8304610956876157
6115-ZTBFQ,0,0,0.017651127009429543
6371-NZYEG,0,0,0.04204437836989462
7196-LIWRH,0,0,0.028671058519229946
1663-MHLHE,0,0,0.1788059309043779
4707-YNOQA,0,0,0.039767929184249665
9574-BOSMD,0,0,0.018502732331829967
7893-IXHRQ,1,0,0.2886117898018331
2530-FMFXO,0,0,0.16100352255330377
6923-AQONU,0,0,0.01620221295660842
9274-UARKJ,0,1,0.5493857151980749
9359-JANWS,0,0,0.024125123200744367
3643-AHCFP,1,1,0.8055268080764301
2408-WITXK,1,0,0.47938597988856996
0354-VXMJC,0,0,0.018098655901556262
4415-IJZTP,1,1,0.8374179989133738
0455-ENTCR,0,0,0.025783791603791614
8066-POXGX,1,0,0.40919573434584916
3838-OZURD,1,0,0.3786176587124446
4163-NCJAK,0,0,0.042291157973963746
6521-YYTYI,1,1,0.8688618060274484
2466-NEJOJ,0,0,0.0984623370784101
0219-QAERP,0,0,0.030333354024866553
8878-RYUKI,0,0,0.24982036252610865
9223-UCPVT,1,1,0.832440123846129
8080-DDEMJ,1,1,0.7992241834645082
2650-GYRYL,0,0,0.033226957752140705
5561-NWEVX,1,1,0.761718947345212
0810-BDHAW,0,0,0.08069687667241773
7486-KSRVI,1,0,0.31730145991626724
7056-IMHCC,1,1,0.5076660060003
5380-XPJNZ,0,0,0.026908601520191096
0956-SYCWG,0,0,0.052277168727496715
6429-SHBCB,0,0,0.21161303068070098
7359-PTSXY,1,1,0.5255309531169462
4001-TSBTV,0,0,0.3427234922448115
4013-TLDHQ,1,0,0.40570674857857925
4274-OWWYO,1,1,0.7712306338771265
6543-CPZMK,1,0,0.14992710095282155
7493-TPUWZ,1,1,0.8071486267806844
5871-DGTXZ,0,0,0.027190415462788036
2959-FENLU,0,1,0.7046389391981948
2025-JKFWI,1,1,0.603412150177946
3259-FDWOY,1,0,0.09408030548103337
6218-KNUBD,0,0,0.28108750270351995
5778-BVOFB,0,0,0.2609440294731412
3316-UWXUY,0,0,0.08955837477711713
7693-QPEFS,0,0,0.2932248838912758
1985-MBRYP,0,0,0.021831866130077923
9137-NOQKA,0,0,0.3530948858333456
7883-ROJOC,0,0,0.14655544601097517
6505-OZNPG,0,0,0.05126860971840894
6317-YPKDH,1,0,0.3790291423196829
8070-AAWZP,0,0,0.17494465372952586
2055-PDADH,1,1,0.6208127125918526
3977-QCRSL,0,0,0.1091462615642433
0289-IVARM,0,0,0.108478738826906
6047-SUHPR,0,0,0.05563505131181406
6766-HFKLA,0,0,0.10101283452281677
4628-CTTLA,1,0,0.23309442579683262
6691-CCIHA,0,0,0.03138689217856689
3744-ZRRDZ,1,0,0.4804087032037848
5093-FEGLU,0,0,0.019721157436825374
3716-LRGXK,0,0,0.07851897426940894
0746-JTRFU,1,1,0.6221652587734844
3858-XHYJO,0,0,0.24309962296885448
4658-HCOHW,1,0,0.4667885309056617
1336-EZFZY,0,0,0.1091462615642433
6563-VNPMN,0,0,0.17408346952885442
9253-VIFJQ,0,0,0.042900803525151264
5226-NOZFC,0,0,0.46749008322284374
6655-LHBYW,0,0,0.17856279512931955
7435-ZNUYY,0,0,0.04632423255846468
8847-GEOOQ,0,0,0.11138578166521891
9695-IDRZR,0,0,0.260276134977923
6599-RCLCJ,1,0,0.38480868384607403
2483-XSSMZ,0,0,0.09284315002501263
2055-SIFSS,0,0,0.24527033150109837
4640-UHDOS,1,0,0.2749396944541306
8496-EJAUI,1,0,0.25003585543245005
9500-WBGRP,0,0,0.015315055868417934
3580-GICBM,0,0,0.016853896444197825
8644-XYTSV,0,0,0.1728660662487758
0032-PGELS,1,0,0.28851457201720665
8465-SBRXP,0,0,0.06751735917873491
3870-SPZSI,0,0,0.06650158203446427
3317-VLGQT,0,1,0.6172097300026902
9648-BCHKM,0,0,0.027737098156523726
3865-ZYKAD,0,0,0.2204063920811773
2533-QVMSK,1,0,0.06606049979424904
2190-PHBHR,0,0,0.03804194718220972
8745-PVESG,0,0,0.06121966496594041
2696-ECXKC,0,0,0.13940165452688508
1406-PUQVY,0,0,0.4644557430383563
4795-KTRTH,1,1,0.7738956730567954
2321-OMBXY,1,0,0.05371539406302626
7860-UXCRM,0,0,0.018526948139933365
3413-BMNZE,0,0,0.40290745935633016
5038-ETMLM,0,0,0.033009477099938116
6595-COKXZ,1,1,0.5409177503014615
3721-CNEYS,1,1,0.7106478208691244
8429-XIBUM,1,1,0.5933377768087623
4229-CZMLL,1,1,0.6680305583465701
7169-YWAMK,0,0,0.014744911938994179
2651-ZCBXV,0,0,0.10878408140801085
4891-NLUBA,0,0,0.031765609911957225
4523-WXCEF,1,0,0.40200587429093937
6372-RFVNS,1,1,0.8191353819213869
5268-DSMNQ,0,0,0.18662921093851387
6674-KVJHG,0,0,0.05736080966845751
2144-BFDSO,0,0,0.32821250713235134
5923-GXUOC,1,1,0.6662488869937937
9822-WMWVG,0,0,0.3904310976924473
9348-YVOMK,0,0,0.45328845560141195
7599-FKVXZ,1,0,0.38526795763700766
6518-PPLMZ,0,0,0.017685327552620665
8727-JQFHV,0,0,0.016100819607928845
7130-YXBRO,0,0,0.368145922812964
8903-WMRNW,0,1,0.6770145115404428
8714-CTZJW,0,1,0.6756108065602632
2946-KIQSP,0,0,0.13623630742308968
1945-XISKS,0,0,0.01379347083189868
9163-GHAYE,0,0,0.229759875072794
3629-ZNKXA,0,1,0.6410153434446875
2316-ESMLS,0,0,0.06949119597821134
2260-USTRB,1,1,0.7644988223534606
6599-SFQVE,0,0,0.43799736813764306
9710-NJERN,0,0,0.016356519093297554
1527-SXDPN,1,0,0.03939198527038458
1814-WFGVS,0,0,0.01845033769735697
2506-TNFCO,1,1,0.9025101045746567
8277-RVRSV,0,0,0.03369045334037717
5202-IVJNU,1,0,0.1091176560789567
6229-LSCKB,0,1,0.7138154874069267
3957-SQXML,0,0,0.020152643908130277
4139-SUGLD,1,0,0.09593100284308215
4238-JSSWH,0,0,0.4297312809373309
9514-JDSKI,1,1,0.8811491647972711
4673-KKSLS,0,0,0.18682223584178712
9330-DHBFL,0,0,0.03999319024566105
2240-HSJQD,0,0,0.36327966714687066
9281-PKKZE,0,0,0.2532772156806072
6847-KJLTS,0,0,0.27899235459053057
5312-IRCFR,0,0,0.11515748574310865
8087-LGYHQ,0,1,0.6847262069864766
0618-XWMSS,1,0,0.205109772652416
7954-MLBUN,0,0,0.06764742837448018
3108-PCCGG,0,0,0.03685746035612163
0733-VUNUW,1,0,0.19501620968810207
6519-ZHPXP,0,0,0.05999408839546578
7601-WFVZV,0,0,0.3005322503099758
2675-DHUTR,0,0,0.45035161927400574
8775-CEBBJ,1,0,0.29830506927013134
9867-JCZSP,0,0,0.03918763054376032
2189-UXTKY,1,0,0.22089311071870113
7029-RPUAV,1,1,0.5794885644531695
8687-BAFGU,0,1,0.543568487590076
9501-UKKNL,0,0,0.21016236194152255
4223-BKEOR,0,0,0.05207713080187805
2380-DAMQP,0,0,0.03283851986872329
0468-YRPXN,0,0,0.40193936945144415
5651-WYIPH,0,0,0.27543387544018605
0877-SDMBN,1,0,0.23337553944412287
6732-FZUGP,0,0,0.11575359035847534
0742-MOABM,1,0,0.2655741178898988
8085-MSNLK,0,0,0.09843536315592075
5236-PERKL,1,0,0.13885989465628198
3276-HDUEG,1,1,0.8011784157777679
8587-XYZSF,0,0,0.03104992699899338
5084-OOVCJ,0,0,0.1829493416259612
3746-EUBYR,1,1,0.8162666675630219
0531-ZZJWQ,0,0,0.4154860731881467
2150-OEGBV,0,0,0.030333354024866553
7284-ZZLOH,0,0,0.0317219801740785
1016-DJTSV,0,1,0.5303098687157091
0657-DOGUM,0,0,0.06576686546009831
7278-CKDNC,0,1,0.6320578411060542
0422-OHQHQ,0,0,0.040570912355264645
4971-PUYQO,1,1,0.5590202394511454
6166-YIPFO,0,0,0.02204673185955569
8707-RMEZH,0,0,0.08217239849834097
8313-KTIHG,0,0,0.3583124702415404
5921-NGYRH,0,0,0.12594407754497491
5322-TEUJK,0,0,0.029062485493941408
1439-LCGVL,0,0,0.026908601520191096
1293-HHSHJ,0,0,0.026908601520191096
6421-SZVEM,0,0,0.10300753011991842
6384-VMJHP,0,0,0.016420975460487305
9680-NIAUV,0,0,0.04024647256290989
0795-GMVQO,0,0,0.16088081401009
8717-VCTXJ,0,0,0.031288595613182674
8779-QRDMV,1,1,0.9032537054928611
3733-LSYCE,0,0,0.36386952270821826
1676-MQAOA,0,0,0.016666323783795546
5129-JLPIS,0,0,0.3828997402874941
8740-CRYFY,1,1,0.8494484352343088
4132-POCZS,0,0,0.17518578415418923
4614-NUVZD,1,1,0.8440144853285748
3088-LHEFH,0,0,0.43866436275795834
2302-ANTDP,1,0,0.23801793098756915
7426-RHZGU,0,1,0.6195368233949897
0139-IVFJG,0,0,0.44058429377589853
4063-EIKNQ,0,0,0.1058910765341769
0114-PEGZZ,0,0,0.47401047964946713
4701-AHWMW,1,0,0.1504903548243187
8705-WZCYL,0,1,0.5752019120069896
6974-DAFLI,0,0,0.03449025997103465
3756-VNWDH,0,0,0.22915324518931676
7026-YMSBE,0,0,0.027190415462788036
7005-CCBKV,1,1,0.6600842371825258
0404-SWRVG,1,1,0.7291077433114074
0480-BIXDE,0,1,0.611785472396753
6629-LADHQ,0,0,0.29884305744255985
2267-WTPYD,0,0,0.27696114012347317
4009-ALQFH,1,1,0.6561372594353365
3063-QFSZL,1,1,0.7139975609709398
1686-STUHN,0,0,0.030837169587147363
6685-XSHHU,0,0,0.016554863243132767
4000-VGMQP,0,0,0.11943362166433086
9099-FTUHS,0,0,0.1720182394771819
4693-VWVBO,0,0,0.16483202668639252
3106-ULWFW,1,1,0.6565459389088558
4430-UZIPO,1,0,0.3925281940330066
3389-KTRXV,0,0,0.01779588412094243
1414-YADCW,0,0,0.022642756313297294
1666-JXLKU,0,1,0.6218632833701968
0487-CRLZF,0,0,0.03476867824339102
8305-VHZBZ,1,1,0.574938976171147
1680-VDCWW,0,0,0.03795799243847259
9178-JHUVJ,0,0,0.02537756864138264
5850-BDWCY,0,0,0.10009447988923904
6933-FHBZC,0,0,0.08013671369212257
3067-SVMTC,0,0,0.03987985298890326
3946-JEWRQ,0,0,0.18879710448037382
6369-MCAKO,0,0,0.026564649233084502
1428-IEDPR,0,0,0.16720536608387557
1564-NTYXF,1,1,0.71154766115278
1078-TDCRN,0,1,0.7433612616564255
3030-ZKIWL,0,0,0.2501837132013203
5656-JAMLX,0,0,0.016747956331862112
2737-YNGYW,1,1,0.7049291202291417
3301-VKTGC,0,0,0.08495096780244477
5982-XMDEX,0,0,0.019428616898128664
6549-NNDYT,0,0,0.4272577198881867
2410-CIYFZ,0,0,0.12723367373972025
8259-NFJTV,0,0,0.1392999776599131
7717-BICXI,0,0,0.01460133838544461
4759-TRPLW,1,1,0.7474041231080347
9625-QSTYE,1,1,0.533622738261509
6924-TDGMT,0,0,0.1501328537742538
1821-BUCWY,0,0,0.03472777481399228
6032-IGALN,1,1,0.5588816347916928
9488-HGMJH,1,1,0.8179903511612658
1273-MTETI,1,1,0.7870928790482408
6257-DTAYD,0,0,0.05181149367578655
6103-BOCOU,0,1,0.5147616050776683
5915-ANOEI,0,0,0.020687122658299032
3629-WEAAM,0,0,0.16646166575825824
6635-CPNUN,0,0,0.3752751862603793
2911-WDXMV,0,0,0.3545750314261365
5396-IZEPB,0,0,0.10699855076292997
3500-RMZLT,1,1,0.5108365887243892
9499-XPZXM,0,0,0.017237208795094272
8261-GWDBQ,0,0,0.10530240006981742
5543-QDCRY,0,0,0.46508223466433235
1338-CECEE,0,0,0.07806129978797072
1569-TTNYJ,1,1,0.7207390794210441
9114-VEPUF,0,0,0.08827596139935015
2604-XVDAM,0,0,0.2248169666524806
8725-JEDFD,0,0,0.2776808604233175
9066-QRSDU,0,0,0.04112505817486893
3902-MIVLE,0,0,0.02232672987263492
7739-LAXOG,1,0,0.3950990753262784
4719-UMSIY,0,0,0.09286302573470676
0254-KCJGT,0,0,0.04703476200015446
9168-INPSZ,0,0,0.4234052551374257
6135-OZQVA,0,0,0.309851627554772
5599-HVLTW,0,1,0.6247260055241458
2001-MCUUW,0,0,0.17568550410586703
5524-KHNJP,0,0,0.061177980020108595
6807-SIWJI,0,0,0.33752527203551236
7995-ZHHNZ,0,0,0.06251114330826778
7450-NWRTR,1,1,0.7820457450596215
7251-XFOIL,0,0,0.25067399207128505
4334-HOWRP,0,0,0.026181714359302034
6168-YBYNP,0,0,0.34605577301507423
1264-BYWMS,1,0,0.48056050824540775
1498-DQNRX,0,0,0.050696023666729775
4067-HLYQI,0,0,0.28153972455685006
4024-CSNBY,0,0,0.024898579475694984
0799-DDIHE,0,0,0.28995904235893893
4088-YLDSU,1,0,0.30323827920622953
2749-CTKAJ,0,0,0.028120852567468647
7706-YLMQA,0,0,0.027825540455331352
6023-GSSXW,0,0,0.03568860075845224
1051-GEJLJ,0,0,0.1367382001518871
9028-LIHRP,0,0,0.02761560754070882
1621-YNCJH,0,0,0.13755322336716697
9167-APMXZ,0,0,0.42762181498037505
7852-LECYP,0,0,0.45680861366612296
8711-LOBKY,0,0,0.016100819607928845
6968-GMKPR,0,0,0.288533336530548
9318-NKNFC,1,0,0.26951296106808953
3898-BSJYF,0,0,0.09110698775772336
8040-MNRTF,0,1,0.7334873768922134
8922-NPKBJ,0,0,0.016100819607928845
7521-AFHAB,0,0,0.2911074914062695
4632-XJMEX,0,0,0.03430661024626656
1310-QRITU,0,0,0.35424006570331434
8490-BXHEO,0,0,0.460016372851499
7074-IEVOJ,1,1,0.7689534366884159
6408-OTUBZ,0,0,0.15173307549450474
6893-ODYYE,0,0,0.028742523550236754
7356-IWLFW,0,0,0.26802681028259434
3961-SXAXY,0,0,0.47978149692287736
6349-JDHQP,0,0,0.019721157436825374
3005-TYFRD,0,0,0.40477000026874094
